{"mean": [0.1844956874847412, 0.18449649214744568, 0.18450216948986053], "std": [0.17987394332885742, 0.17987312376499176, 0.1798691749572754]}